id,premium,name,has_test,response_letter_required,response_url,sort_point_distance,published_at,created_at,archived,apply_alternate_url,show_logo_in_search,show_contacts,insider_interview,url,alternate_url,contacts,accept_temporary,accept_labor_contract,night_shifts,accept_incomplete_resumes,internship,adv_response_url,is_adv_vacancy,adv_context,key_skills,search_query,employer_id,employer_name,employer_url,employer_alternate_url,employer_vacancies_url,employer_country_id,employer_accredited_it_employer,employer_trusted,employer_logo_urls.original,employer_logo_urls.90,employer_logo_urls.240,employer_logo_urls,area_id,area_name,area_url,salary_from,salary_to,salary_currency,salary_gross,type_id,type_name,schedule_id,schedule_name,experience_id,experience_name,employment_id,employment_name,professional_roles_id,professional_roles_name
131177894,False,Analyst/Маркетинговый аналитик,False,False,,,2026-03-15T16:26:04+0300,2026-03-15T16:26:04+0300,False,https://hh.ru/applicant/vacancy_response?vacancyId=131177894,True,False,,https://api.hh.ru/vacancies/131177894?host=hh.ru,https://hh.ru/vacancy/131177894,,False,True,False,False,False,,False,,,Аналитик,1721725,Rocket10,https://api.hh.ru/employers/1721725,https://hh.ru/employer/1721725,https://api.hh.ru/vacancies?employer_id=1721725,1,False,True,https://img.hhcdn.ru/employer-logo-original-round/3116207.jpeg,https://img.hhcdn.ru/employer-logo-round/3116208.jpeg,https://img.hhcdn.ru/employer-logo-round/3116209.jpeg,,1,Москва,https://api.hh.ru/areas/1,150000.0,210000.0,RUR,True,open,Открытая,fullDay,Полный день,between1And3,От 1 года до 3 лет,full,Полная занятость,163,Маркетолог-аналитик
131170462,False,Аналитик (поддержка и развитие отчетности),False,False,,,2026-03-15T14:05:58+0300,2026-03-15T14:05:58+0300,False,https://hh.ru/applicant/vacancy_response?vacancyId=131170462,,False,,https://api.hh.ru/vacancies/131170462?host=hh.ru,https://hh.ru/vacancy/131170462,,False,False,False,False,False,,False,,,Аналитик,5569859,ARK,https://api.hh.ru/employers/5569859,https://hh.ru/employer/5569859,https://api.hh.ru/vacancies?employer_id=5569859,1,True,True,https://img.hhcdn.ru/employer-logo-original/1397675.png,https://img.hhcdn.ru/employer-logo/7210475.png,https://img.hhcdn.ru/employer-logo/7210476.png,,1,Москва,https://api.hh.ru/areas/1,80000.0,120000.0,RUR,False,open,Открытая,remote,Удаленная работа,between1And3,От 1 года до 3 лет,full,Полная занятость,40,Другое
131038264,False,Системный аналитик/Аналитик данных,False,False,,,2026-03-15T16:54:29+0300,2026-03-15T16:54:29+0300,False,https://hh.ru/applicant/vacancy_response?vacancyId=131038264,,False,,https://api.hh.ru/vacancies/131038264?host=hh.ru,https://hh.ru/vacancy/131038264,,False,True,False,False,False,,False,,,Аналитик,3378277,Creddy,https://api.hh.ru/employers/3378277,https://hh.ru/employer/3378277,https://api.hh.ru/vacancies?employer_id=3378277,1,False,True,https://img.hhcdn.ru/employer-logo-original/1390530.png,https://img.hhcdn.ru/employer-logo/7181907.png,https://img.hhcdn.ru/employer-logo/7181908.png,,1,Москва,https://api.hh.ru/areas/1,80000.0,80000.0,RUR,False,open,Открытая,remote,Удаленная работа,between3And6,От 3 до 6 лет,full,Полная занятость,148,Системный аналитик
131175405,False,Аналитик данных - Data Analyst (middle),False,True,,,2026-03-15T15:36:41+0300,2026-03-15T15:36:41+0300,False,https://hh.ru/applicant/vacancy_response?vacancyId=131175405,,False,,https://api.hh.ru/vacancies/131175405?host=hh.ru,https://hh.ru/vacancy/131175405,,False,True,False,False,False,,False,,,Аналитик,10869151,Smartis,https://api.hh.ru/employers/10869151,https://hh.ru/employer/10869151,https://api.hh.ru/vacancies?employer_id=10869151,1,True,True,https://img.hhcdn.ru/employer-logo-original-round/6614919.jpg,https://img.hhcdn.ru/employer-logo-round/6614921.jpeg,https://img.hhcdn.ru/employer-logo-round/6614922.jpeg,,2,Санкт-Петербург,https://api.hh.ru/areas/2,,295000.0,RUR,True,open,Открытая,remote,Удаленная работа,between3And6,От 3 до 6 лет,full,Полная занятость,156,"BI-аналитик, аналитик данных"
131168313,False,Системный аналитик,False,False,,,2026-03-15T13:22:33+0300,2026-03-15T13:22:33+0300,False,https://hh.ru/applicant/vacancy_response?vacancyId=131168313,True,False,,https://api.hh.ru/vacancies/131168313?host=hh.ru,https://hh.ru/vacancy/131168313,,False,True,False,False,False,,False,,,Аналитик,8643040,efin,https://api.hh.ru/employers/8643040,https://hh.ru/employer/8643040,https://api.hh.ru/vacancies?employer_id=8643040,1,True,True,https://img.hhcdn.ru/employer-logo-original-round/6995705.jpeg,https://img.hhcdn.ru/employer-logo-round/6995706.jpeg,https://img.hhcdn.ru/employer-logo-round/6995707.jpeg,,1,Москва,https://api.hh.ru/areas/1,80000.0,100000.0,RUR,True,open,Открытая,remote,Удаленная работа,between1And3,От 1 года до 3 лет,full,Полная занятость,148,Системный аналитик
129407648,False,Аналитик / Старший аналитик,True,False,,,2026-03-15T11:15:46+0300,2026-03-15T11:15:46+0300,False,https://hh.ru/applicant/vacancy_response?vacancyId=129407648,,False,,https://api.hh.ru/vacancies/129407648?host=hh.ru,https://hh.ru/vacancy/129407648,,False,False,False,False,False,,False,,,Аналитик,64474,GlowByte,https://api.hh.ru/employers/64474,https://hh.ru/employer/64474,https://api.hh.ru/vacancies?employer_id=64474,1,False,True,https://img.hhcdn.ru/employer-logo-original-round/5663879.png,https://img.hhcdn.ru/employer-logo-round/5663880.png,https://img.hhcdn.ru/employer-logo-round/5663881.png,,1,Москва,https://api.hh.ru/areas/1,145478.0,,RUR,True,open,Открытая,fullDay,Полный день,between1And3,От 1 года до 3 лет,full,Полная занятость,10,Аналитик
131178740,False,Младший менеджер по маркетплейсам/Начинающий специалист/Аналитик по маркетплейсам,False,False,,,2026-03-15T16:47:57+0300,2026-03-15T16:47:57+0300,False,https://hh.ru/applicant/vacancy_response?vacancyId=131178740,,False,,https://api.hh.ru/vacancies/131178740?host=hh.ru,https://hh.ru/vacancy/131178740,,False,False,False,False,True,,False,,,Аналитик,9950391,LUBRAN,https://api.hh.ru/employers/9950391,https://hh.ru/employer/9950391,https://api.hh.ru/vacancies?employer_id=9950391,1,False,True,https://img.hhcdn.ru/employer-logo-original/1426083.png,https://img.hhcdn.ru/employer-logo/7323981.png,https://img.hhcdn.ru/employer-logo/7323982.png,,1,Москва,https://api.hh.ru/areas/1,110000.0,160000.0,RUR,False,open,Открытая,fullDay,Полный день,noExperience,Нет опыта,full,Полная занятость,68,"Менеджер по маркетингу, интернет-маркетолог"
129791080,False,Аналитик / Тестировщик,False,False,,,2026-03-15T11:21:36+0300,2026-03-15T11:21:36+0300,False,https://hh.ru/applicant/vacancy_response?vacancyId=129791080,,False,,https://api.hh.ru/vacancies/129791080?host=hh.ru,https://hh.ru/vacancy/129791080,,False,False,False,False,False,,False,,,Аналитик,63198,Gridnine,https://api.hh.ru/employers/63198,https://hh.ru/employer/63198,https://api.hh.ru/vacancies?employer_id=63198,1,False,True,https://img.hhcdn.ru/employer-logo-original/1416614.png,https://img.hhcdn.ru/employer-logo/7286105.png,https://img.hhcdn.ru/employer-logo/7286106.png,,1,Москва,https://api.hh.ru/areas/1,150000.0,,RUR,False,open,Открытая,fullDay,Полный день,between1And3,От 1 года до 3 лет,full,Полная занятость,124,Тестировщик
130472573,False,Системный аналитик,False,False,,,2026-03-15T10:25:07+0300,2026-03-15T10:25:07+0300,False,https://hh.ru/applicant/vacancy_response?vacancyId=130472573,,True,,https://api.hh.ru/vacancies/130472573?host=hh.ru,https://hh.ru/vacancy/130472573,,True,False,False,False,False,,False,,,Аналитик,10274254,Ай Девелоп Ит,https://api.hh.ru/employers/10274254,https://hh.ru/employer/10274254,https://api.hh.ru/vacancies?employer_id=10274254,1,False,True,https://img.hhcdn.ru/employer-logo-original-round/6318584.jpg,https://img.hhcdn.ru/employer-logo-round/6318586.jpeg,https://img.hhcdn.ru/employer-logo-round/6318587.jpeg,,1,Москва,https://api.hh.ru/areas/1,,300000.0,RUR,False,open,Открытая,remote,Удаленная работа,between3And6,От 3 до 6 лет,full,Полная занятость,148,Системный аналитик
130742439,False,Младший аналитик,True,False,,,2026-03-15T11:27:42+0300,2026-03-15T11:27:42+0300,False,https://hh.ru/applicant/vacancy_response?vacancyId=130742439,,False,,https://api.hh.ru/vacancies/130742439?host=hh.ru,https://hh.ru/vacancy/130742439,,False,True,False,True,False,,False,,,Аналитик,243011,МСота,https://api.hh.ru/employers/243011,https://hh.ru/employer/243011,https://api.hh.ru/vacancies?employer_id=243011,1,False,True,https://img.hhcdn.ru/employer-logo-original-round/4009365.jpg,https://img.hhcdn.ru/employer-logo-round/4009367.jpeg,https://img.hhcdn.ru/employer-logo-round/4009368.jpeg,,1,Москва,https://api.hh.ru/areas/1,120000.0,130000.0,RUR,False,open,Открытая,fullDay,Полный день,noExperience,Нет опыта,full,Полная занятость,10,Аналитик
131161624,False,Главный Финансовый аналитик,False,False,,,2026-03-15T11:25:29+0300,2026-03-15T11:25:29+0300,False,https://hh.ru/applicant/vacancy_response?vacancyId=131161624,,False,,https://api.hh.ru/vacancies/131161624?host=hh.ru,https://hh.ru/vacancy/131161624,,False,True,False,False,False,,False,,,Аналитик,6096631,ПСБ Бизнес,https://api.hh.ru/employers/6096631,https://hh.ru/employer/6096631,https://api.hh.ru/vacancies?employer_id=6096631,1,False,True,https://img.hhcdn.ru/employer-logo-original-round/5526330.png,https://img.hhcdn.ru/employer-logo-round/5526332.png,https://img.hhcdn.ru/employer-logo-round/5526333.png,,1,Москва,https://api.hh.ru/areas/1,250000.0,350000.0,RUR,False,open,Открытая,fullDay,Полный день,moreThan6,Более 6 лет,full,Полная занятость,134,"Финансовый аналитик, инвестиционный аналитик"
130913008,False,Аналитик данных / Аналитик CPA (Junior),True,False,,,2026-03-15T10:09:30+0300,2026-03-15T10:09:30+0300,False,https://hh.ru/applicant/vacancy_response?vacancyId=130913008,,False,,https://api.hh.ru/vacancies/130913008?host=hh.ru,https://hh.ru/vacancy/130913008,,False,False,False,False,False,,False,,,Аналитик,12552028,Global Trads,https://api.hh.ru/employers/12552028,https://hh.ru/employer/12552028,https://api.hh.ru/vacancies?employer_id=12552028,1,False,True,https://img.hhcdn.ru/employer-logo-original/1486005.png,https://img.hhcdn.ru/employer-logo/12234387.png,https://img.hhcdn.ru/employer-logo/12234388.png,,1,Москва,https://api.hh.ru/areas/1,,250000.0,RUR,False,open,Открытая,remote,Удаленная работа,between1And3,От 1 года до 3 лет,full,Полная занятость,156,"BI-аналитик, аналитик данных"
131152391,False,Аналитик данных,False,False,,,2026-03-15T09:21:45+0300,2026-03-15T09:21:45+0300,False,https://hh.ru/applicant/vacancy_response?vacancyId=131152391,,False,,https://api.hh.ru/vacancies/131152391?host=hh.ru,https://hh.ru/vacancy/131152391,,False,True,False,False,False,,False,,,Аналитик,5023187,Автономная Некоммерческая организация Агентство Креативных Индустрий,https://api.hh.ru/employers/5023187,https://hh.ru/employer/5023187,https://api.hh.ru/vacancies?employer_id=5023187,1,False,True,https://img.hhcdn.ru/employer-logo-original-round/3657654.png,https://img.hhcdn.ru/employer-logo-round/3657655.png,https://img.hhcdn.ru/employer-logo-round/3657656.png,,1,Москва,https://api.hh.ru/areas/1,70000.0,,RUR,False,open,Открытая,fullDay,Полный день,between1And3,От 1 года до 3 лет,full,Полная занятость,156,"BI-аналитик, аналитик данных"
130844658,False,Аналитик данных,False,True,,,2026-03-14T20:02:53+0300,2026-03-14T20:02:53+0300,False,https://hh.ru/applicant/vacancy_response?vacancyId=130844658,,True,,https://api.hh.ru/vacancies/130844658?host=hh.ru,https://hh.ru/vacancy/130844658,,True,False,False,False,False,,False,,,Аналитик,4576601,Международная академия фейспластики и остеопатии,https://api.hh.ru/employers/4576601,https://hh.ru/employer/4576601,https://api.hh.ru/vacancies?employer_id=4576601,1,False,True,https://img.hhcdn.ru/employer-logo-original-round/4273367.png,https://img.hhcdn.ru/employer-logo-round/4273368.png,https://img.hhcdn.ru/employer-logo-round/4273369.png,,1,Москва,https://api.hh.ru/areas/1,230000.0,280000.0,RUR,False,open,Открытая,remote,Удаленная работа,between1And3,От 1 года до 3 лет,full,Полная занятость,156,"BI-аналитик, аналитик данных"
130611244,False,Младший аналитик,False,False,,,2026-03-15T14:28:16+0300,2026-03-15T14:28:16+0300,False,https://hh.ru/applicant/vacancy_response?vacancyId=130611244,,False,,https://api.hh.ru/vacancies/130611244?host=hh.ru,https://hh.ru/vacancy/130611244,,False,True,False,True,False,,False,,,Аналитик,10001085,ФРОГ,https://api.hh.ru/employers/10001085,https://hh.ru/employer/10001085,https://api.hh.ru/vacancies?employer_id=10001085,1,False,True,https://img.hhcdn.ru/employer-logo-original/1387147.png,https://img.hhcdn.ru/employer-logo/7168375.png,https://img.hhcdn.ru/employer-logo/7168376.png,,1,Москва,https://api.hh.ru/areas/1,120000.0,,RUR,True,open,Открытая,fullDay,Полный день,noExperience,Нет опыта,full,Полная занятость,40,Другое
131174894,False,Аналитик / Инвестиционный аналитик,True,False,,,2026-03-15T15:26:32+0300,2026-03-15T15:26:32+0300,False,https://hh.ru/applicant/vacancy_response?vacancyId=131174894,,True,,https://api.hh.ru/vacancies/131174894?host=hh.ru,https://hh.ru/vacancy/131174894,,False,True,False,False,False,,False,,,Аналитик,38092,Ricci,https://api.hh.ru/employers/38092,https://hh.ru/employer/38092,https://api.hh.ru/vacancies?employer_id=38092,1,False,True,https://img.hhcdn.ru/employer-logo-original/1396123.png,https://img.hhcdn.ru/employer-logo/7204275.png,https://img.hhcdn.ru/employer-logo/7204276.png,,1,Москва,https://api.hh.ru/areas/1,70000.0,,RUR,False,open,Открытая,fullDay,Полный день,between1And3,От 1 года до 3 лет,full,Полная занятость,10,Аналитик
131140887,False,Продуктовый аналитик (Middle / Middle+),False,False,,,2026-03-14T18:08:29+0300,2026-03-14T18:08:29+0300,False,https://hh.ru/applicant/vacancy_response?vacancyId=131140887,,False,,https://api.hh.ru/vacancies/131140887?host=hh.ru,https://hh.ru/vacancy/131140887,,False,True,False,False,False,,False,,,Аналитик,4899522,Плавно,https://api.hh.ru/employers/4899522,https://hh.ru/employer/4899522,https://api.hh.ru/vacancies?employer_id=4899522,1,True,True,https://img.hhcdn.ru/employer-logo-original/1438448.png,https://img.hhcdn.ru/employer-logo/7373424.png,https://img.hhcdn.ru/employer-logo/7373425.png,,1,Москва,https://api.hh.ru/areas/1,400000.0,,RUR,True,open,Открытая,remote,Удаленная работа,between1And3,От 1 года до 3 лет,full,Полная занятость,164,Продуктовый аналитик
131155023,False,Финансовый аналитик,False,False,,,2026-03-15T10:00:04+0300,2026-03-15T10:00:04+0300,False,https://hh.ru/applicant/vacancy_response?vacancyId=131155023,,False,,https://api.hh.ru/vacancies/131155023?host=hh.ru,https://hh.ru/vacancy/131155023,,False,True,False,False,False,,False,,,Аналитик,1533703,Фармфорвард,https://api.hh.ru/employers/1533703,https://hh.ru/employer/1533703,https://api.hh.ru/vacancies?employer_id=1533703,1,False,True,https://img.hhcdn.ru/employer-logo-original-round/1256012.png,https://img.hhcdn.ru/employer-logo-round/1256013.png,https://img.hhcdn.ru/employer-logo-round/1256014.png,,1,Москва,https://api.hh.ru/areas/1,100000.0,130000.0,RUR,False,open,Открытая,fullDay,Полный день,between3And6,От 3 до 6 лет,full,Полная занятость,134,"Финансовый аналитик, инвестиционный аналитик"
131031192,False,Бизнес-аналитик,False,False,,,2026-03-15T13:39:03+0300,2026-03-15T13:39:03+0300,False,https://hh.ru/applicant/vacancy_response?vacancyId=131031192,,True,,https://api.hh.ru/vacancies/131031192?host=hh.ru,https://hh.ru/vacancy/131031192,,False,True,False,False,False,,False,,,Аналитик,11793823,Квантиль,https://api.hh.ru/employers/11793823,https://hh.ru/employer/11793823,https://api.hh.ru/vacancies?employer_id=11793823,1,False,True,,,,,1,Москва,https://api.hh.ru/areas/1,80000.0,130000.0,RUR,False,open,Открытая,remote,Удаленная работа,between1And3,От 1 года до 3 лет,full,Полная занятость,150,Бизнес-аналитик
131034456,False,Бизнес аналитик в финансовый отдел,False,False,,,2026-03-15T15:01:16+0300,2026-03-15T15:01:16+0300,False,https://hh.ru/applicant/vacancy_response?vacancyId=131034456,,False,,https://api.hh.ru/vacancies/131034456?host=hh.ru,https://hh.ru/vacancy/131034456,,False,True,False,False,False,,False,,,Аналитик,10032645,Саприм,https://api.hh.ru/employers/10032645,https://hh.ru/employer/10032645,https://api.hh.ru/vacancies?employer_id=10032645,1,False,True,,,,,1,Москва,https://api.hh.ru/areas/1,160000.0,200000.0,RUR,False,open,Открытая,fullDay,Полный день,between3And6,От 3 до 6 лет,full,Полная занятость,134,"Финансовый аналитик, инвестиционный аналитик"
131225892,False,Системный аналитик (SberНадежность),False,False,,,2026-03-15T10:05:10+0300,2026-03-15T10:05:10+0300,False,https://hh.ru/applicant/vacancy_response?vacancyId=131225892,True,False,,https://api.hh.ru/vacancies/131225892?host=hh.ru,https://hh.ru/vacancy/131225892,,False,False,False,False,False,,False,,,Аналитик,3529,СБЕР,https://api.hh.ru/employers/3529,https://hh.ru/employer/3529,https://api.hh.ru/vacancies?employer_id=3529,1,False,True,https://img.hhcdn.ru/employer-logo-original-round/6865265.jpeg,https://img.hhcdn.ru/employer-logo-round/6865266.jpeg,https://img.hhcdn.ru/employer-logo-round/6865267.jpeg,,1,Москва,https://api.hh.ru/areas/1,,200000.0,RUR,False,open,Открытая,fullDay,Полный день,between1And3,От 1 года до 3 лет,full,Полная занятость,10,Аналитик
131053202,False,Аналитик,False,False,,,2026-03-15T10:47:37+0300,2026-03-15T10:47:37+0300,False,https://hh.ru/applicant/vacancy_response?vacancyId=131053202,,False,,https://api.hh.ru/vacancies/131053202?host=hh.ru,https://hh.ru/vacancy/131053202,,False,True,False,False,False,,False,,,Аналитик,559682,Эдвансд Трейдинг,https://api.hh.ru/employers/559682,https://hh.ru/employer/559682,https://api.hh.ru/vacancies?employer_id=559682,1,False,True,https://img.hhcdn.ru/employer-logo-original-round/1704524.jpg,https://img.hhcdn.ru/employer-logo-round/1704526.jpeg,https://img.hhcdn.ru/employer-logo-round/1704527.jpeg,,1,Москва,https://api.hh.ru/areas/1,,100000.0,RUR,True,open,Открытая,fullDay,Полный день,between1And3,От 1 года до 3 лет,full,Полная занятость,40,Другое
131031178,False,Системный аналитик,False,True,,,2026-03-15T13:38:41+0300,2026-03-15T13:38:41+0300,False,https://hh.ru/applicant/vacancy_response?vacancyId=131031178,,True,,https://api.hh.ru/vacancies/131031178?host=hh.ru,https://hh.ru/vacancy/131031178,,False,True,False,False,False,,False,,,Аналитик,621062,Флюид-Лайн,https://api.hh.ru/employers/621062,https://hh.ru/employer/621062,https://api.hh.ru/vacancies?employer_id=621062,1,False,True,https://img.hhcdn.ru/employer-logo-original-round/6942981.jpeg,https://img.hhcdn.ru/employer-logo-round/6942982.jpeg,https://img.hhcdn.ru/employer-logo-round/6942983.jpeg,,1,Москва,https://api.hh.ru/areas/1,,,,,open,Открытая,fullDay,Полный день,between1And3,От 1 года до 3 лет,full,Полная занятость,148,Системный аналитик
130485101,False,Бизнес-аналитик (предпроектные обследования / Process Consulting / AI),False,False,,,2026-03-15T13:14:34+0300,2026-03-15T13:14:34+0300,False,https://hh.ru/applicant/vacancy_response?vacancyId=130485101,,False,,https://api.hh.ru/vacancies/130485101?host=hh.ru,https://hh.ru/vacancy/130485101,,True,False,False,False,False,,False,,,Аналитик,12283220,Ай-Титул,https://api.hh.ru/employers/12283220,https://hh.ru/employer/12283220,https://api.hh.ru/vacancies?employer_id=12283220,1,False,True,https://img.hhcdn.ru/employer-logo-original/1461076.png,https://img.hhcdn.ru/employer-logo/7463914.png,https://img.hhcdn.ru/employer-logo/7463915.png,,1,Москва,https://api.hh.ru/areas/1,,,,,open,Открытая,fullDay,Полный день,between3And6,От 3 до 6 лет,full,Полная занятость,156,"BI-аналитик, аналитик данных"
131172031,False,Аналитик качества данных,False,False,,,2026-03-15T14:34:17+0300,2026-03-15T14:34:17+0300,False,https://hh.ru/applicant/vacancy_response?vacancyId=131172031,,False,,https://api.hh.ru/vacancies/131172031?host=hh.ru,https://hh.ru/vacancy/131172031,,False,True,False,False,False,,False,,,Аналитик,11660779,Цифровой аудит,https://api.hh.ru/employers/11660779,https://hh.ru/employer/11660779,https://api.hh.ru/vacancies?employer_id=11660779,1,False,True,https://img.hhcdn.ru/employer-logo-original/1475216.png,https://img.hhcdn.ru/employer-logo/7826422.png,https://img.hhcdn.ru/employer-logo/7826423.png,,1,Москва,https://api.hh.ru/areas/1,,,,,open,Открытая,fullDay,Полный день,between1And3,От 1 года до 3 лет,full,Полная занятость,156,"BI-аналитик, аналитик данных"
130440016,False,Инвестиционный аналитик,False,False,,,2026-03-15T15:36:11+0300,2026-03-15T15:36:11+0300,False,https://hh.ru/applicant/vacancy_response?vacancyId=130440016,,False,,https://api.hh.ru/vacancies/130440016?host=hh.ru,https://hh.ru/vacancy/130440016,,False,True,False,False,False,,False,,,Аналитик,595,А1,https://api.hh.ru/employers/595,https://hh.ru/employer/595,https://api.hh.ru/vacancies?employer_id=595,1,False,True,https://img.hhcdn.ru/employer-logo-original-round/2415812.jpeg,https://img.hhcdn.ru/employer-logo-round/2415813.jpeg,https://img.hhcdn.ru/employer-logo-round/2415814.jpeg,,1,Москва,https://api.hh.ru/areas/1,,,,,open,Открытая,fullDay,Полный день,between3And6,От 3 до 6 лет,full,Полная занятость,134,"Финансовый аналитик, инвестиционный аналитик"
131172483,False,Аналитик (Image Recognition),False,False,,,2026-03-15T14:43:32+0300,2026-03-15T14:43:32+0300,False,https://hh.ru/applicant/vacancy_response?vacancyId=131172483,,False,,https://api.hh.ru/vacancies/131172483?host=hh.ru,https://hh.ru/vacancy/131172483,,False,False,False,False,False,,False,,,Аналитик,5569859,ARK,https://api.hh.ru/employers/5569859,https://hh.ru/employer/5569859,https://api.hh.ru/vacancies?employer_id=5569859,1,True,True,https://img.hhcdn.ru/employer-logo-original/1397675.png,https://img.hhcdn.ru/employer-logo/7210475.png,https://img.hhcdn.ru/employer-logo/7210476.png,,1,Москва,https://api.hh.ru/areas/1,,,,,open,Открытая,remote,Удаленная работа,between3And6,От 3 до 6 лет,full,Полная занятость,40,Другое
131027839,False,Бизнес-аналитик (методолог),False,False,,,2026-03-15T12:15:36+0300,2026-03-15T12:15:36+0300,False,https://hh.ru/applicant/vacancy_response?vacancyId=131027839,,False,,https://api.hh.ru/vacancies/131027839?host=hh.ru,https://hh.ru/vacancy/131027839,,False,True,False,True,False,,False,,,Аналитик,1745883,Upside Development,https://api.hh.ru/employers/1745883,https://hh.ru/employer/1745883,https://api.hh.ru/vacancies?employer_id=1745883,1,False,True,https://img.hhcdn.ru/employer-logo-original-round/5916280.png,https://img.hhcdn.ru/employer-logo-round/5916281.png,https://img.hhcdn.ru/employer-logo-round/5916282.png,,1,Москва,https://api.hh.ru/areas/1,,,,,open,Открытая,fullDay,Полный день,between1And3,От 1 года до 3 лет,full,Полная занятость,40,Другое
130930816,False,Системный аналитик / Fullstack-аналитик,False,False,,,2026-03-15T15:01:26+0300,2026-03-15T15:01:26+0300,False,https://hh.ru/applicant/vacancy_response?vacancyId=130930816,,False,,https://api.hh.ru/vacancies/130930816?host=hh.ru,https://hh.ru/vacancy/130930816,,False,True,False,False,False,,False,,,Аналитик,3809754,ВТБ Факторинг,https://api.hh.ru/employers/3809754,https://hh.ru/employer/3809754,https://api.hh.ru/vacancies?employer_id=3809754,1,False,True,https://img.hhcdn.ru/employer-logo-original-round/3390144.png,https://img.hhcdn.ru/employer-logo-round/3390145.png,https://img.hhcdn.ru/employer-logo-round/3390146.png,,1,Москва,https://api.hh.ru/areas/1,,,,,open,Открытая,fullDay,Полный день,between3And6,От 3 до 6 лет,full,Полная занятость,148,Системный аналитик
115529176,False,Системный аналитик,False,False,,,2026-03-15T10:15:33+0300,2026-03-15T10:15:33+0300,False,https://hh.ru/applicant/vacancy_response?vacancyId=115529176,,False,,https://api.hh.ru/vacancies/115529176?host=hh.ru,https://hh.ru/vacancy/115529176,,False,False,False,False,False,,False,,,Аналитик,3280416,Цифровые привычки,https://api.hh.ru/employers/3280416,https://hh.ru/employer/3280416,https://api.hh.ru/vacancies?employer_id=3280416,1,True,True,https://img.hhcdn.ru/employer-logo-original-round/6181228.jpeg,https://img.hhcdn.ru/employer-logo-round/6181229.jpeg,https://img.hhcdn.ru/employer-logo-round/6181230.jpeg,,1,Москва,https://api.hh.ru/areas/1,,,,,open,Открытая,remote,Удаленная работа,between3And6,От 3 до 6 лет,full,Полная занятость,148,Системный аналитик
131055185,False,Senior Investment Analyst,False,False,,,2026-03-15T14:15:42+0300,2026-03-15T14:15:42+0300,False,https://hh.ru/applicant/vacancy_response?vacancyId=131055185,,True,,https://api.hh.ru/vacancies/131055185?host=hh.ru,https://hh.ru/vacancy/131055185,,False,True,False,False,False,,False,,,Аналитик,11383147,“Централ Азия Кэпитал”,https://api.hh.ru/employers/11383147,https://hh.ru/employer/11383147,https://api.hh.ru/vacancies?employer_id=11383147,7,False,True,https://img.hhcdn.ru/employer-logo-original-round/6924877.png,https://img.hhcdn.ru/employer-logo-round/6924878.png,https://img.hhcdn.ru/employer-logo-round/6924879.png,,1,Москва,https://api.hh.ru/areas/1,,,,,open,Открытая,fullDay,Полный день,between1And3,От 1 года до 3 лет,full,Полная занятость,134,"Финансовый аналитик, инвестиционный аналитик"
130755008,False,Бизнес-аналитик,False,False,,,2026-03-15T14:00:36+0300,2026-03-15T14:00:36+0300,False,https://hh.ru/applicant/vacancy_response?vacancyId=130755008,,False,,https://api.hh.ru/vacancies/130755008?host=hh.ru,https://hh.ru/vacancy/130755008,,True,True,False,True,False,,False,,,Аналитик,1789341,Sapiens solutions,https://api.hh.ru/employers/1789341,https://hh.ru/employer/1789341,https://api.hh.ru/vacancies?employer_id=1789341,1,True,True,https://img.hhcdn.ru/employer-logo-original/1385473.png,https://img.hhcdn.ru/employer-logo/7161679.png,https://img.hhcdn.ru/employer-logo/7161680.png,,1,Москва,https://api.hh.ru/areas/1,,,,,open,Открытая,fullDay,Полный день,between3And6,От 3 до 6 лет,full,Полная занятость,150,Бизнес-аналитик
130715006,False,Junior Fullstack-аналитик,False,False,,,2026-03-14T18:31:29+0300,2026-03-14T18:31:29+0300,False,https://hh.ru/applicant/vacancy_response?vacancyId=130715006,,False,,https://api.hh.ru/vacancies/130715006?host=hh.ru,https://hh.ru/vacancy/130715006,,True,False,False,False,False,,False,,,Аналитик,12161776,Исток,https://api.hh.ru/employers/12161776,https://hh.ru/employer/12161776,https://api.hh.ru/vacancies?employer_id=12161776,1,False,True,,,,,1,Москва,https://api.hh.ru/areas/1,,,,,open,Открытая,remote,Удаленная работа,noExperience,Нет опыта,full,Полная занятость,10,Аналитик
131178483,False,Системный аналитик (1C: ERP),False,False,,,2026-03-15T16:42:19+0300,2026-03-15T16:42:19+0300,False,https://hh.ru/applicant/vacancy_response?vacancyId=131178483,True,True,,https://api.hh.ru/vacancies/131178483?host=hh.ru,https://hh.ru/vacancy/131178483,,False,True,False,False,False,,False,,,Аналитик,102039,OLDOS GROUP,https://api.hh.ru/employers/102039,https://hh.ru/employer/102039,https://api.hh.ru/vacancies?employer_id=102039,1,False,True,https://img.hhcdn.ru/employer-logo-original/1397044.png,https://img.hhcdn.ru/employer-logo/7207951.png,https://img.hhcdn.ru/employer-logo/7207952.png,,1,Москва,https://api.hh.ru/areas/1,,,,,open,Открытая,fullDay,Полный день,between3And6,От 3 до 6 лет,full,Полная занятость,10,Аналитик
131038920,False,Аналитик данных / BI-разработчик (e-commerce),False,False,,,2026-03-15T17:17:32+0300,2026-03-15T17:17:32+0300,False,https://hh.ru/applicant/vacancy_response?vacancyId=131038920,,True,,https://api.hh.ru/vacancies/131038920?host=hh.ru,https://hh.ru/vacancy/131038920,,True,False,False,False,False,,False,,,Аналитик,5811434,Макаренко Валентина Ивановна,https://api.hh.ru/employers/5811434,https://hh.ru/employer/5811434,https://api.hh.ru/vacancies?employer_id=5811434,1,False,True,,,,,1,Москва,https://api.hh.ru/areas/1,,,,,open,Открытая,remote,Удаленная работа,between1And3,От 1 года до 3 лет,full,Полная занятость,156,"BI-аналитик, аналитик данных"
130496516,False,Junior Data Analyst / Data Analyst,True,False,,,2026-03-15T16:09:56+0300,2026-03-15T16:09:56+0300,False,https://hh.ru/applicant/vacancy_response?vacancyId=130496516,,False,,https://api.hh.ru/vacancies/130496516?host=hh.ru,https://hh.ru/vacancy/130496516,,True,True,False,False,False,,False,,,Аналитик,4531474,WhoIsBlogger (WIB),https://api.hh.ru/employers/4531474,https://hh.ru/employer/4531474,https://api.hh.ru/vacancies?employer_id=4531474,1,False,True,https://img.hhcdn.ru/employer-logo-original-round/3327294.png,https://img.hhcdn.ru/employer-logo-round/3327296.png,https://img.hhcdn.ru/employer-logo-round/3327297.png,,1,Москва,https://api.hh.ru/areas/1,,,,,open,Открытая,remote,Удаленная работа,between1And3,От 1 года до 3 лет,full,Полная занятость,156,"BI-аналитик, аналитик данных"
130914915,False,Системный аналитик,False,False,,,2026-03-15T10:38:46+0300,2026-03-15T10:38:46+0300,False,https://hh.ru/applicant/vacancy_response?vacancyId=130914915,,False,,https://api.hh.ru/vacancies/130914915?host=hh.ru,https://hh.ru/vacancy/130914915,,False,False,False,False,False,,False,,,Аналитик,2400958,Клауд Ком,https://api.hh.ru/employers/2400958,https://hh.ru/employer/2400958,https://api.hh.ru/vacancies?employer_id=2400958,1,False,True,https://img.hhcdn.ru/employer-logo-original-round/5795339.png,https://img.hhcdn.ru/employer-logo-round/5795341.png,https://img.hhcdn.ru/employer-logo-round/5795342.png,,1,Москва,https://api.hh.ru/areas/1,,,,,open,Открытая,fullDay,Полный день,between1And3,От 1 года до 3 лет,full,Полная занятость,148,Системный аналитик
131055140,False,Продуктовый аналитик (Ценообразование),False,False,,,2026-03-15T14:10:40+0300,2026-03-15T14:10:40+0300,False,https://hh.ru/applicant/vacancy_response?vacancyId=131055140,,False,,https://api.hh.ru/vacancies/131055140?host=hh.ru,https://hh.ru/vacancy/131055140,,False,False,False,False,False,,False,,,Аналитик,588914,Aviasales.ru,https://api.hh.ru/employers/588914,https://hh.ru/employer/588914,https://api.hh.ru/vacancies?employer_id=588914,1,False,True,https://img.hhcdn.ru/employer-logo-original-round/3583414.png,https://img.hhcdn.ru/employer-logo-round/3583415.png,https://img.hhcdn.ru/employer-logo-round/3583416.png,,1,Москва,https://api.hh.ru/areas/1,,,,,open,Открытая,remote,Удаленная работа,between3And6,От 3 до 6 лет,full,Полная занятость,164,Продуктовый аналитик
130926043,False,Ведущий бизнес-аналитик ELMA365,False,False,,,2026-03-15T13:39:05+0300,2026-03-15T13:39:05+0300,False,https://hh.ru/applicant/vacancy_response?vacancyId=130926043,,False,,https://api.hh.ru/vacancies/130926043?host=hh.ru,https://hh.ru/vacancy/130926043,,False,True,False,False,False,,False,,,Аналитик,12276328,РНКО Lazarus Finance,https://api.hh.ru/employers/12276328,https://hh.ru/employer/12276328,https://api.hh.ru/vacancies?employer_id=12276328,1,False,True,https://img.hhcdn.ru/employer-logo-original/1461978.png,https://img.hhcdn.ru/employer-logo/7467522.png,https://img.hhcdn.ru/employer-logo/7467523.png,,1,Москва,https://api.hh.ru/areas/1,,,,,open,Открытая,fullDay,Полный день,between1And3,От 1 года до 3 лет,full,Полная занятость,150,Бизнес-аналитик
129401351,False,Главный аналитик направления (предиктивный анализ в производстве),False,False,,,2026-03-15T10:07:13+0300,2026-03-15T10:07:13+0300,False,https://hh.ru/applicant/vacancy_response?vacancyId=129401351,,True,,https://api.hh.ru/vacancies/129401351?host=hh.ru,https://hh.ru/vacancy/129401351,,False,False,False,False,False,,False,,,Аналитик,86547,Промышленные инновации,https://api.hh.ru/employers/86547,https://hh.ru/employer/86547,https://api.hh.ru/vacancies?employer_id=86547,1,True,True,,,,,1,Москва,https://api.hh.ru/areas/1,,,,,open,Открытая,fullDay,Полный день,between1And3,От 1 года до 3 лет,full,Полная занятость,10,Аналитик
130846027,False,Продуктовый аналитик,False,False,,,2026-03-15T00:31:35+0300,2026-03-15T00:31:35+0300,False,https://hh.ru/applicant/vacancy_response?vacancyId=130846027,,False,,https://api.hh.ru/vacancies/130846027?host=hh.ru,https://hh.ru/vacancy/130846027,,False,True,False,False,False,,False,,,Аналитик,588914,Aviasales.ru,https://api.hh.ru/employers/588914,https://hh.ru/employer/588914,https://api.hh.ru/vacancies?employer_id=588914,1,False,True,https://img.hhcdn.ru/employer-logo-original-round/3583414.png,https://img.hhcdn.ru/employer-logo-round/3583415.png,https://img.hhcdn.ru/employer-logo-round/3583416.png,,1,Москва,https://api.hh.ru/areas/1,,,,,open,Открытая,remote,Удаленная работа,between3And6,От 3 до 6 лет,full,Полная занятость,164,Продуктовый аналитик
130481421,False,Системный аналитик,True,True,,,2026-03-15T12:24:12+0300,2026-03-15T12:24:12+0300,False,https://hh.ru/applicant/vacancy_response?vacancyId=130481421,,False,,https://api.hh.ru/vacancies/130481421?host=hh.ru,https://hh.ru/vacancy/130481421,,False,True,False,False,False,,False,,,Аналитик,1913815,Сорб групп,https://api.hh.ru/employers/1913815,https://hh.ru/employer/1913815,https://api.hh.ru/vacancies?employer_id=1913815,1,False,True,https://img.hhcdn.ru/employer-logo-original-round/1568432.png,https://img.hhcdn.ru/employer-logo-round/1568433.png,https://img.hhcdn.ru/employer-logo-round/1568434.png,,1,Москва,https://api.hh.ru/areas/1,,,,,open,Открытая,fullDay,Полный день,between1And3,От 1 года до 3 лет,full,Полная занятость,10,Аналитик
131223777,False,Тренд-аналитик/байер на проект,False,True,,,2026-03-14T20:34:12+0300,2026-03-14T20:34:12+0300,False,https://hh.ru/applicant/vacancy_response?vacancyId=131223777,,False,,https://api.hh.ru/vacancies/131223777?host=hh.ru,https://hh.ru/vacancy/131223777,,True,False,False,False,False,,False,,,Аналитик,14703,Единая Европа-Элит и сеть магазинов СТИЛЬПАРК,https://api.hh.ru/employers/14703,https://hh.ru/employer/14703,https://api.hh.ru/vacancies?employer_id=14703,1,False,True,https://img.hhcdn.ru/employer-logo-original-round/6495752.jpeg,https://img.hhcdn.ru/employer-logo-round/6495753.jpeg,https://img.hhcdn.ru/employer-logo-round/6495754.jpeg,,1,Москва,https://api.hh.ru/areas/1,,,,,open,Открытая,remote,Удаленная работа,between1And3,От 1 года до 3 лет,full,Полная занятость,68,"Менеджер по маркетингу, интернет-маркетолог"
130175551,False,Excel Аналитик,False,False,,,2026-03-15T17:00:37+0300,2026-03-15T17:00:37+0300,False,https://hh.ru/applicant/vacancy_response?vacancyId=130175551,,False,,https://api.hh.ru/vacancies/130175551?host=hh.ru,https://hh.ru/vacancy/130175551,,False,False,False,False,False,,False,,,Аналитик,939336,Российское Авторское Общество,https://api.hh.ru/employers/939336,https://hh.ru/employer/939336,https://api.hh.ru/vacancies?employer_id=939336,1,False,True,https://img.hhcdn.ru/employer-logo-original-round/3008731.png,https://img.hhcdn.ru/employer-logo-round/3008732.png,https://img.hhcdn.ru/employer-logo-round/3008733.png,,1,Москва,https://api.hh.ru/areas/1,,,,,open,Открытая,fullDay,Полный день,between1And3,От 1 года до 3 лет,full,Полная занятость,10,Аналитик
130898821,False,Финансовый аналитик,False,False,,,2026-03-14T18:04:19+0300,2026-03-14T18:04:19+0300,False,https://hh.ru/applicant/vacancy_response?vacancyId=130898821,,True,,https://api.hh.ru/vacancies/130898821?host=hh.ru,https://hh.ru/vacancy/130898821,,False,False,False,False,False,,False,,,Аналитик,3110171,Благотворительный Фонд Жизнь Одна,https://api.hh.ru/employers/3110171,https://hh.ru/employer/3110171,https://api.hh.ru/vacancies?employer_id=3110171,1,False,True,https://img.hhcdn.ru/employer-logo-original-round/6737625.jpeg,https://img.hhcdn.ru/employer-logo-round/6737626.jpeg,https://img.hhcdn.ru/employer-logo-round/6737627.jpeg,,1,Москва,https://api.hh.ru/areas/1,,,,,open,Открытая,remote,Удаленная работа,between1And3,От 1 года до 3 лет,full,Полная занятость,134,"Финансовый аналитик, инвестиционный аналитик"
130845717,False,Системный Аналитик Мобильного Приложения,False,False,,,2026-03-14T23:19:04+0300,2026-03-14T23:19:04+0300,False,https://hh.ru/applicant/vacancy_response?vacancyId=130845717,,True,,https://api.hh.ru/vacancies/130845717?host=hh.ru,https://hh.ru/vacancy/130845717,,False,False,False,False,False,,False,,,Аналитик,12260686,Корпу,https://api.hh.ru/employers/12260686,https://hh.ru/employer/12260686,https://api.hh.ru/vacancies?employer_id=12260686,1,False,True,,,,,1,Москва,https://api.hh.ru/areas/1,,,,,open,Открытая,fullDay,Полный день,between3And6,От 3 до 6 лет,full,Полная занятость,148,Системный аналитик
129400966,False,Аналитик ГИИ,False,False,,,2026-03-15T10:03:12+0300,2026-03-15T10:03:12+0300,False,https://hh.ru/applicant/vacancy_response?vacancyId=129400966,,True,,https://api.hh.ru/vacancies/129400966?host=hh.ru,https://hh.ru/vacancy/129400966,,False,True,False,True,False,,False,,,Аналитик,86547,Промышленные инновации,https://api.hh.ru/employers/86547,https://hh.ru/employer/86547,https://api.hh.ru/vacancies?employer_id=86547,1,True,True,,,,,1,Москва,https://api.hh.ru/areas/1,,,,,open,Открытая,fullDay,Полный день,between1And3,От 1 года до 3 лет,full,Полная занятость,40,Другое
130909591,False,BI-аналитик (разработчик),False,False,,,2026-03-15T09:12:58+0300,2026-03-15T09:12:58+0300,False,https://hh.ru/applicant/vacancy_response?vacancyId=130909591,,False,,https://api.hh.ru/vacancies/130909591?host=hh.ru,https://hh.ru/vacancy/130909591,,False,True,False,False,False,,False,,,Аналитик,9048659,Векторфарм,https://api.hh.ru/employers/9048659,https://hh.ru/employer/9048659,https://api.hh.ru/vacancies?employer_id=9048659,1,False,True,,,,,1,Москва,https://api.hh.ru/areas/1,,,,,open,Открытая,fullDay,Полный день,between1And3,От 1 года до 3 лет,full,Полная занятость,156,"BI-аналитик, аналитик данных"
130901212,False,Системный аналитик / Бизнес-аналитик,False,False,,,2026-03-14T20:13:51+0300,2026-03-14T20:13:51+0300,False,https://hh.ru/applicant/vacancy_response?vacancyId=130901212,,False,,https://api.hh.ru/vacancies/130901212?host=hh.ru,https://hh.ru/vacancy/130901212,,False,False,False,False,False,,False,,,Аналитик,2367969,Адакта,https://api.hh.ru/employers/2367969,https://hh.ru/employer/2367969,https://api.hh.ru/vacancies?employer_id=2367969,1,True,True,https://img.hhcdn.ru/employer-logo-original/1466041.png,https://img.hhcdn.ru/employer-logo/7483766.png,https://img.hhcdn.ru/employer-logo/7483767.png,,1,Москва,https://api.hh.ru/areas/1,,,,,open,Открытая,remote,Удаленная работа,between3And6,От 3 до 6 лет,full,Полная занятость,10,Аналитик
130910463,False,Системный аналитик Junior,False,True,,,2026-03-15T09:28:51+0300,2026-03-15T09:28:51+0300,False,https://hh.ru/applicant/vacancy_response?vacancyId=130910463,,False,,https://api.hh.ru/vacancies/130910463?host=hh.ru,https://hh.ru/vacancy/130910463,,False,False,False,False,False,,False,,,Аналитик,4913210,Datanomica,https://api.hh.ru/employers/4913210,https://hh.ru/employer/4913210,https://api.hh.ru/vacancies?employer_id=4913210,1,True,True,https://img.hhcdn.ru/employer-logo-original-round/4019526.png,https://img.hhcdn.ru/employer-logo-round/4019527.png,https://img.hhcdn.ru/employer-logo-round/4019528.png,,1,Москва,https://api.hh.ru/areas/1,,,,,open,Открытая,fullDay,Полный день,between1And3,От 1 года до 3 лет,full,Полная занятость,148,Системный аналитик
